{
    "rouge": {
        "rouge1": 0.026913252858516992,
        "rouge2": 0.005964871741447665,
        "rougeL": 0.02463791869288603,
        "rougeLsum": 0.024679310547480817
    },
    "bert": {
        "Precision": 0.5991005947304633,
        "Recall": 0.5329648673736215,
        "F1": 0.5638945954715157
    }
}