{
    "rouge": {
        "rouge1": 0.4161755873443278,
        "rouge2": 0.15163020632954022,
        "rougeL": 0.23833753645450842,
        "rougeLsum": 0.23827985219360182
    },
    "bert": {
        "Precision": 0.7440544352502766,
        "Recall": 0.7424775843988201,
        "F1": 0.7430781807175619
    }
}