{
    "rouge": {
        "rouge1": 0.4294828331512756,
        "rouge2": 0.17619797730075237,
        "rougeL": 0.26273322496460055,
        "rougeLsum": 0.2627301666733204
    },
    "bert": {
        "Precision": 0.7577494400349482,
        "Recall": 0.7294801351179119,
        "F1": 0.7432146558777742
    }
}