{
    "rouge": {
        "rouge1": 0.3760687013554127,
        "rouge2": 0.13342327726166092,
        "rougeL": 0.2166507621721289,
        "rougeLsum": 0.21677860162785914
    },
    "bert": {
        "Precision": 0.7210279378207489,
        "Recall": 0.7021511754117755,
        "F1": 0.7112914600975089
    }
}