{
    "rouge": {
        "rouge1": 0.41063556747373653,
        "rouge2": 0.15853057039669308,
        "rougeL": 0.24534650776055827,
        "rougeLsum": 0.2453424242405886
    },
    "bert": {
        "Precision": 0.7484028426169272,
        "Recall": 0.724391393010288,
        "F1": 0.7360491665841226
    }
}