{
    "rouge": {
        "rouge1": 0.3759517724186935,
        "rouge2": 0.11882491842543953,
        "rougeL": 0.20054449851550896,
        "rougeLsum": 0.21937211569894602
    },
    "bert": {
        "Precision": 0.7077858756503504,
        "Recall": 0.7215406858849382,
        "F1": 0.7144274877343245
    }
}