{
    "rouge": {
        "rouge1": 0.4269084098156976,
        "rouge2": 0.1712046092617283,
        "rougeL": 0.2588295112695264,
        "rougeLsum": 0.2589646199544078
    },
    "bert": {
        "Precision": 0.7547551322871352,
        "Recall": 0.7292709111090977,
        "F1": 0.7416607239714594
    }
}