{
    "rouge": {
        "rouge1": 0.41990863573821396,
        "rouge2": 0.16459342854577888,
        "rougeL": 0.2512579319222362,
        "rougeLsum": 0.2513821061465172
    },
    "bert": {
        "Precision": 0.7507655582228848,
        "Recall": 0.7264794919883694,
        "F1": 0.7382908597353081
    }
}