{
    "rouge": {
        "rouge1": 0.23173879024598015,
        "rouge2": 0.06332988337353793,
        "rougeL": 0.1411828146759031,
        "rougeLsum": 0.14108807019913897
    },
    "bert": {
        "Precision": 0.6934807007926312,
        "Recall": 0.6450119832568459,
        "F1": 0.6679729077939793
    }
}