{
    "rouge": {
        "rouge1": 0.4288362330304637,
        "rouge2": 0.17535214157110332,
        "rougeL": 0.2623787907095889,
        "rougeLsum": 0.262433191945621
    },
    "bert": {
        "Precision": 0.7564689720860992,
        "Recall": 0.7293347973990386,
        "F1": 0.7425250473598325
    }
}