{
    "rouge": {
        "rouge1": 0.41823620880304824,
        "rouge2": 0.16274684518428248,
        "rougeL": 0.24856578388744455,
        "rougeLsum": 0.24851685404939106
    },
    "bert": {
        "Precision": 0.7473660270866368,
        "Recall": 0.7261051549733896,
        "F1": 0.7364379792530973
    }
}