{
    "rouge": {
        "rouge1": 0.4303024323664124,
        "rouge2": 0.1739564512030745,
        "rougeL": 0.2599891809256651,
        "rougeLsum": 0.26021937649949
    },
    "bert": {
        "Precision": 0.7562460745968614,
        "Recall": 0.731697528545259,
        "F1": 0.7436316973334242
    }
}