{
    "rouge": {
        "rouge1": 0.4235515539784388,
        "rouge2": 0.16816077290375625,
        "rougeL": 0.25487564757704084,
        "rougeLsum": 0.2547683626108541
    },
    "bert": {
        "Precision": 0.7535962276749363,
        "Recall": 0.7273665449285615,
        "F1": 0.7401046804730564
    }
}